<?xml version="1.0" encoding="UTF-8" standalone="yes"?>
<addon id="script.video.fswitchRK" name="Frequency Switcher RK" version="1.3.3" provider-name="jk-nz/Mafarricos">
  <requires>
    <import addon="xbmc.python" version="2.14.0"/>
	<import addon="script.module.pyxbmct" version="1.1.2"/>
  </requires>
  <extension point="xbmc.python.script" library="fswitch.py">
    <provides>executable</provides>
  </extension>
  <extension point="xbmc.service" library="fswitch_service.py" start="startup"/>
  <extension point="xbmc.addon.metadata">
    <summary lang="en">Frequency Switcher for Rockchip boxes</summary>
    <description lang="en">[CR]Supports 1080p and 720p resolutions.[CR]CR]Please run Clean Up before you Uninstall or Disable.[CR][CR]Thanks jk-nz, MINIX-Ken, HardwareGuru, KenV99, Roman_V_M, takoi and Abbe</description>
    <disclaimer lang="en"></disclaimer>
    <language></language>
    <platform></platform>
    <license>GNU GENERAL PUBLIC LICENSE. Version 3, June 2007</license>
    <forum></forum>
    <website></website>
    <email></email>
    <source></source>
  </extension>
</addon>