<?xml version="1.0" encoding="UTF-8" standalone="yes"?>
<addon id="script.frequency.switcher" name="Frequency Switcher" version="1.3.1" provider-name="jk-nz">
  <requires>
    <import addon="xbmc.python" version="2.14.0"/>
	<import addon="script.module.pyxbmct" version="1.1.2"/>
  </requires>
  <extension point="xbmc.python.script" library="fswitch.py">
    <provides>executable</provides>
  </extension>
  <extension point="xbmc.service" library="fswitch_service.py" start="startup"/>
  <extension point="xbmc.addon.metadata">
    <summary lang="en">Frequency Switcher for MINIX NEO-X8</summary>
    <description lang="en">Requires firmware beta 8 or higher.[CR]Supports 1080p and 720p resolutions.[CR][CR]SettingsMbox does not update to show HDMI mode changes made using this add-on.[CR][CR]Please run Clean Up before you Uninstall or Disable.[CR][CR]Thanks MINIX-Ken, HardwareGuru, KenV99, Roman_V_M, takoi and Abbe</description>
    <disclaimer lang="en"></disclaimer>
    <language></language>
    <platform></platform>
    <license>GNU GENERAL PUBLIC LICENSE. Version 3, June 2007</license>
    <forum></forum>
    <website></website>
    <email></email>
    <source></source>
  </extension>
</addon>