﻿<?xml version="1.0" encoding="UTF-8" standalone="yes"?>
<addon id="repository.mafarricos.xbmc" name="Mafarricos repositorio" version="1.0.4" provider-name="Mafarricos">
	<extension point="xbmc.addon.repository" name="Mafarricos Add-on Repository">
		<info compressed="false">http://raw.github.com/Mafarricos/Mafarricos-xbmc-addons/master/addons.xml</info>
		<checksum>http://raw.github.com/Mafarricos/Mafarricos-xbmc-addons/master/addons.xml.md5</checksum>
		<datadir zip="true">http://raw.github.com/Mafarricos/Mafarricos-xbmc-addons/master/repo</datadir>
	</extension>
	<extension point="xbmc.addon.metadata">
		<summary>Repositorio Mafarricos</summary>
		<description>Addons de Mafarricos, contacto: MafaStudios@gmail.com</description>
		<disclaimer></disclaimer>
		<platform>all</platform>
	</extension>
</addon>